{
  "feature_schema_version": 5,
  "learning_rate": 0.05,
  "model_schema_version": 1,
  "model_type": "BackendLinearPolicyValueAgent",
  "name": "backend-experiment-python_validation_smoke",
  "policy_weights": {
    "action_index_0": 0.1330654206787222,
    "action_index_1": 0.029174796147501354,
    "action_index_2": 0.06780514426841998,
    "action_index_3": -0.23004536109464357,
    "action_index_norm": -0.10507019971991792,
    "action_is_move": -5.5511151231257846e-18,
    "active_hp_diff": 8.326672684688672e-18,
    "bias": -5.5511151231257846e-18,
    "move_2hko": 0.162046353278035,
    "move_3hko": 0.11175581006772387,
    "move_accuracy": 0.009070843438714003,
    "move_base_power": -0.023910160171903068,
    "move_can_ko": 0.0406019992504722,
    "move_contact": 0.15313623072379617,
    "move_damage_accuracy_discount": -0.012066111040542744,
    "move_damage_estimate": 0.09254642611402372,
    "move_effective_power": 0.055866895830730026,
    "move_effectiveness": 0.09503429131462449,
    "move_expected_can_ko": 0.0406019992504722,
    "move_expected_damage": 0.1046125371545664,
    "move_has_power": 0.010754786659939187,
    "move_immune": -0.09702722687028695,
    "move_is_physical": 0.010754786659939187,
    "move_is_status": -0.010754786659939224,
    "move_neutral": 0.2183492206797329,
    "move_overkill": -0.00777904518128823,
    "move_priority": -0.03800518120695904,
    "move_resisted": -0.06521298995593666,
    "move_stab": 0.1729950034861629,
    "move_super_effective": -0.04535421719357006,
    "move_type_dark": 0.14382020733866147,
    "move_type_dragon": 0.06377422668113218,
    "move_type_fighting": -0.0014387632748044613,
    "move_type_fire": 0.06924390754322444,
    "move_type_ground": -0.09702722687028695,
    "move_type_known": -5.5511151231257846e-18,
    "move_type_normal": -0.13301813422435663,
    "move_type_rock": -0.04535421719357006,
    "move_when_own_low_hp": 5.551115123125783e-18,
    "opp_active_hp": -2.2204460492503138e-17,
    "opp_alive": 6.938893903907228e-18,
    "opp_type_dark": 2.2204460492503132e-17,
    "opp_type_dragon": -2.7755575615628914e-17,
    "opp_type_flying": -2.7755575615628914e-17,
    "opp_type_rock": 2.2204460492503132e-17,
    "own_active_hp": -5.204170427930421e-18,
    "own_alive": 6.938893903907228e-18,
    "own_type_dark": -2.7755575615628914e-17,
    "own_type_dragon": 2.2204460492503132e-17,
    "own_type_flying": 2.2204460492503132e-17,
    "own_type_rock": -2.7755575615628914e-17,
    "weather_sandstorm": -5.5511151231257846e-18
  },
  "value_weights": {
    "active_hp_diff": 0.027501631949919378,
    "bias": 0.05729995517906672,
    "opp_active_hp": 0.04259999301077963,
    "opp_alive": 0.009549992529844445,
    "opp_type_dark": -0.021391315602778155,
    "opp_type_dragon": 0.07869127078184485,
    "opp_type_flying": 0.07869127078184485,
    "opp_type_rock": -0.021391315602778155,
    "own_active_hp": 0.070101624960699,
    "own_alive": 0.009549992529844445,
    "own_type_dark": 0.07869127078184485,
    "own_type_dragon": -0.021391315602778155,
    "own_type_flying": -0.021391315602778155,
    "own_type_rock": 0.07869127078184485,
    "weather_sandstorm": 0.05729995517906672
  }
}