{
  "feature_schema_version": 5,
  "learning_rate": 0.05,
  "model_schema_version": 1,
  "model_type": "BackendLinearPolicyValueAgent",
  "name": "backend-experiment-showdown_validation_smoke",
  "policy_weights": {
    "action_index_0": 0.024642010751124956,
    "action_index_1": 0.025950141608604354,
    "action_index_2": -0.02493079319224121,
    "action_index_3": -0.025661359167488105,
    "action_index_norm": -0.02017910445566848,
    "move_2hko": 0.02559215235972931,
    "move_3hko": 0.013092152359729308,
    "move_accuracy": -0.007690028321720877,
    "move_base_power": -0.029289560788673237,
    "move_can_ko": 0.038450141608604355,
    "move_damage_accuracy_discount": 0.010229339340020335,
    "move_damage_estimate": 0.031681911337858845,
    "move_effective_power": 0.03946791590276395,
    "move_effectiveness": 0.03282689737221306,
    "move_expected_can_ko": 0.038450141608604355,
    "move_expected_damage": 0.021452571997838506,
    "move_has_power": -0.037500000000000006,
    "move_immune": -0.013161359167488104,
    "move_is_physical": -0.037500000000000006,
    "move_is_status": 0.037500000000000006,
    "move_neutral": -0.02535798924887505,
    "move_overkill": 0.012696555091497311,
    "move_priority": -0.0035714285714285713,
    "move_resisted": -0.037430793192241206,
    "move_stab": 0.013092152359729308,
    "move_super_effective": 0.038450141608604355,
    "move_type_dark": -0.01285798924887505,
    "move_type_dragon": 0.025,
    "move_type_fighting": -0.012430793192241206,
    "move_type_fire": -0.0125,
    "move_type_ground": -0.013161359167488104,
    "move_type_normal": -0.0125,
    "move_type_rock": 0.038450141608604355
  },
  "value_weights": {
    "bias": 0.005052144774352493,
    "opp_active_hp": 0.005052144774352493,
    "opp_alive": 0.0008420241290587483,
    "opp_type_dark": -0.05,
    "opp_type_dragon": 0.055052144774352496,
    "opp_type_flying": 0.055052144774352496,
    "opp_type_rock": -0.05,
    "own_active_hp": 0.005052144774352493,
    "own_alive": 0.0008420241290587483,
    "own_type_dark": 0.055052144774352496,
    "own_type_dragon": -0.05,
    "own_type_flying": -0.05,
    "own_type_rock": 0.055052144774352496,
    "weather_sandstorm": 0.005052144774352493
  }
}