{
  "feature_schema_version": 5,
  "learning_rate": 0.05,
  "model_schema_version": 1,
  "model_type": "BackendLinearPolicyValueAgent",
  "name": "backend-experiment-visit_target_smoke",
  "policy_weights": {
    "action_index_0": -0.0037707883034116853,
    "action_index_1": 0.011783862897026235,
    "action_index_2": 0.007213231506296668,
    "action_index_3": -0.015226306099911217,
    "action_index_norm": -0.00389371847802281,
    "active_hp_diff": 2.7755575615628915e-18,
    "move_2hko": -0.00032537218223348914,
    "move_3hko": 0.0013227337516707048,
    "move_accuracy": -0.006932824216960875,
    "move_base_power": -0.0007177037785219206,
    "move_can_ko": 0.034664121084804385,
    "move_contact": -0.005539451422191875,
    "move_damage_accuracy_discount": 0.009222100170904642,
    "move_damage_estimate": 0.03573675724841258,
    "move_effective_power": 0.05620828005697031,
    "move_effectiveness": 0.04988782279194599,
    "move_expected_can_ko": 0.034664121084804385,
    "move_expected_damage": 0.026514657077507945,
    "move_has_power": -0.006690340841943837,
    "move_immune": -0.03581501050455635,
    "move_is_physical": -0.006690340841943837,
    "move_is_status": 0.006690340841943851,
    "move_neutral": -0.03334138733313369,
    "move_overkill": 0.01144637976971881,
    "move_priority": 0.005882486972755752,
    "move_resisted": 0.027801935910941815,
    "move_stab": 0.0013227337516707048,
    "move_super_effective": 0.034664121084804385,
    "move_type_dark": -0.01046112914535553,
    "move_type_dragon": -0.0161899173458343,
    "move_type_fighting": 0.011612018565107497,
    "move_type_fire": -0.0043987870588108255,
    "move_type_ground": -0.03581501050455635,
    "move_type_normal": 0.02058870440464513,
    "move_type_rock": 0.034664121084804385,
    "opp_alive": 4.163336342344338e-18,
    "own_alive": 4.163336342344338e-18
  },
  "value_weights": {
    "active_hp_diff": 0.03042445432303182,
    "bias": 0.03622148888005845,
    "opp_active_hp": 0.01888289732669141,
    "opp_alive": 0.006036914813343073,
    "opp_type_dark": -0.06164669944209993,
    "opp_type_dragon": 0.09786818832215838,
    "opp_type_flying": 0.09786818832215838,
    "opp_type_rock": -0.06164669944209993,
    "own_active_hp": 0.04930735164972325,
    "own_alive": 0.006036914813343073,
    "own_type_dark": 0.09786818832215838,
    "own_type_dragon": -0.06164669944209993,
    "own_type_flying": -0.06164669944209993,
    "own_type_rock": 0.09786818832215838,
    "weather_sandstorm": 0.03622148888005845
  }
}